map,agent,maps_played,pick_rate,pick_rate_from_comps,sample_reliability_score,global_pick_rate,local_pick_delta,cross_map_stability_score,map_dependence_score,meta_presence_score,agent_meta_label,tier_score,tier
All Maps,neon,232.0,0.8054874188991837,,0.8539714285714286,0.8105747126436783,-0.005057142857142857,0.7901999999999999,-0.006771428571428573,0.6083142857142858,global_meta_core,0.6083142857142858,global_meta_core
All Maps,waylay,232.0,0.3690440931617402,,0.8539714285714286,0.3605603448275862,0.008485714285714286,0.6447,0.011357142857142859,0.40467142857142857,stable_pick,0.40467142857142857,stable_pick
All Maps,viper,232.0,0.5035771984007278,,0.8539714285714286,0.4952011494252873,0.00837142857142857,0.08619999999999998,0.011200000000000012,0.3467571428571428,situational_pick,0.3467571428571428,situational_pick
All Maps,skye,232.0,0.3489778587425646,,0.8539714285714286,0.3345689655172413,0.014399999999999996,0.3435,0.019271428571428568,0.3363714285714286,situational_pick,0.3363714285714286,situational_pick
All Maps,clove,232.0,0.0,,0.8539714285714286,0.0,0.0,1.0,0.0,0.3280857142857143,situational_pick,0.3280857142857143,situational_pick
All Maps,reyna,232.0,0.0,,0.8539714285714286,0.0,0.0,1.0,0.0,0.3280857142857143,situational_pick,0.3280857142857143,situational_pick
All Maps,deadlock,232.0,0.02215750915750913,,0.8539714285714286,0.0242097701149425,-0.002028571428571428,0.9554,-0.0027142857142857147,0.3280285714285714,situational_pick,0.3280285714285714,situational_pick
All Maps,sage,232.0,0.013577964519140973,,0.8539714285714286,0.0137643678160919,-0.0001999999999999998,0.9667,-0.0002714285714285713,0.3268714285714286,situational_pick,0.3268714285714286,situational_pick
All Maps,miks,232.0,0.004380952380952372,,0.8539714285714286,0.0039942528735632,0.0003857142857142856,0.9826,0.0005571428571428567,0.3263857142857143,situational_pick,0.3263857142857143,situational_pick
All Maps,yoru,232.0,0.0023809523809523716,,0.8539714285714286,0.0022126436781609,0.00018571428571428572,0.9858,0.00028571428571428595,0.32621428571428573,situational_pick,0.32621428571428573,situational_pick
All Maps,chamber,232.0,0.1253047323047323,,0.8539714285714286,0.1258908045977011,-0.0005857142857142886,0.7275,-0.0007857142857142825,0.32371428571428573,situational_pick,0.32371428571428573,situational_pick
All Maps,iso,232.0,0.010523809523809515,,0.8539714285714286,0.0091666666666666,0.0013285714285714285,0.9483,0.0017714285714285714,0.32195714285714283,situational_pick,0.32195714285714283,situational_pick
All Maps,vyse,232.0,0.10716779516779511,,0.8539714285714286,0.12372126436781598,-0.01657142857142857,0.7524,-0.022171428571428568,0.32142857142857145,situational_pick,0.32142857142857145,situational_pick
All Maps,veto,232.0,0.047246352775764514,,0.8539714285714286,0.0478304597701149,-0.0005571428571428573,0.8683,-0.0007428571428571429,0.3206428571428571,situational_pick,0.3206428571428571,situational_pick
All Maps,gekko,232.0,0.009619047619047614,,0.8539714285714286,0.0085632183908045,0.0010285714285714284,0.9428,0.001371428571428572,0.3205,situational_pick,0.3205,situational_pick
All Maps,phoenix,232.0,0.14957403054461874,,0.8539714285714286,0.1569827586206896,-0.007385714285714289,0.6265,-0.009885714285714295,0.31322857142857147,situational_pick,0.31322857142857147,situational_pick
All Maps,fade,232.0,0.3124518596871538,,0.8539714285714286,0.3588218390804598,-0.046371428571428557,0.2934,-0.06202857142857142,0.31174285714285715,situational_pick,0.31174285714285715,situational_pick
All Maps,raze,232.0,0.15699125710890413,,0.8539714285714286,0.1724425287356322,-0.015442857142857144,0.6003,-0.02065714285714285,0.31097142857142857,situational_pick,0.31097142857142857,situational_pick
All Maps,cypher,232.0,0.22909219973925854,,0.8539714285714286,0.233735632183908,-0.004628571428571432,0.43929999999999997,-0.006200000000000007,0.3075857142857143,situational_pick,0.3075857142857143,situational_pick
All Maps,omen,232.0,0.4444682974977092,,0.8539714285714286,0.5063362068965518,-0.06185714285714285,0.0005,-0.0827142857142857,0.30597142857142856,situational_pick,0.30597142857142856,situational_pick
All Maps,killjoy,232.0,0.12406593406593405,,0.8539714285714286,0.1355316091954023,-0.011471428571428573,0.6283,-0.015342857142857146,0.30337142857142857,situational_pick,0.30337142857142857,situational_pick
All Maps,harbor,232.0,0.06166743060860706,,0.8539714285714286,0.0506896551724138,0.010971428571428568,0.7246,0.014671428571428577,0.2976857142857143,situational_pick,0.2976857142857143,situational_pick
All Maps,kayo,232.0,0.08219793169793167,,0.8539714285714286,0.0654597701149425,0.01672857142857143,0.6782,0.022371428571428573,0.29660000000000003,situational_pick,0.29660000000000003,situational_pick
All Maps,tejo,232.0,0.10678759149347383,,0.8539714285714286,0.095301724137931,0.01148571428571429,0.6285,0.015342857142857142,0.2965,situational_pick,0.2965,situational_pick
All Maps,jett,232.0,0.1093519715578539,,0.8539714285714286,0.0925143678160919,0.016857142857142862,0.6011,0.02254285714285715,0.2920428571428571,situational_pick,0.2920428571428571,situational_pick
All Maps,breach,232.0,0.06816524216524215,,0.8539714285714286,0.0576867816091954,0.010457142857142861,0.6438,0.013971428571428574,0.2841142857142857,situational_pick,0.2841142857142857,situational_pick
All Maps,astra,232.0,0.2689383035265388,,0.8539714285714286,0.2522701149425287,0.016657142857142853,0.2154,0.022271428571428564,0.2787571428571428,situational_pick,0.2787571428571428,situational_pick
All Maps,sova,232.0,0.260964035964036,,0.8539714285714286,0.2427011494252873,0.018271428571428567,0.1719,0.024428571428571435,0.2668857142857143,situational_pick,0.2668857142857143,situational_pick
All Maps,brimstone,232.0,0.2602910052910053,,0.8539714285714286,0.2241522988505747,0.03610000000000001,0.0,0.04824285714285716,0.23218571428571427,situational_pick,0.23218571428571427,situational_pick
Bind,neon,30.0,0.8833333333333333,,0.8165,0.8105747126436783,0.0728,0.7902,0.0974,0.6338,global_meta_core,0.6338,global_meta_core
Bind,skye,30.0,0.8993333333333334,,0.8165,0.3345689655172413,0.5648,0.3435,0.7554,0.5509,map_specialist,0.5509,map_specialist
Bind,viper,30.0,0.9013333333333332,,0.8165,0.4952011494252873,0.4061,0.0862,0.5431,0.5002,map_specialist,0.5002,map_specialist
Bind,waylay,30.0,0.616,,0.8165,0.3605603448275862,0.2554,0.6447,0.3416,0.4978,stable_pick,0.4978,stable_pick
Bind,brimstone,30.0,0.9316666666666664,,0.8165,0.2241522988505747,0.7075,0.0,0.9462,0.4951,map_specialist,0.4951,map_specialist
Bind,gekko,30.0,0.0673333333333333,,0.8165,0.0085632183908045,0.0588,0.9428,0.0786,0.338,situational_pick,0.338,situational_pick
Bind,miks,30.0,0.0186666666666666,,0.8165,0.0039942528735632,0.0147,0.9826,0.0197,0.3265,situational_pick,0.3265,situational_pick
Bind,yoru,30.0,0.0166666666666666,,0.8165,0.0022126436781609,0.0145,0.9858,0.0194,0.3263,situational_pick,0.3263,situational_pick
Bind,clove,30.0,0.0,,0.8165,0.0,0.0,1.0,0.0,0.3225,situational_pick,0.3225,situational_pick
Bind,reyna,30.0,0.0,,0.8165,0.0,0.0,1.0,0.0,0.3225,situational_pick,0.3225,situational_pick
Bind,chamber,30.0,0.1346666666666666,,0.8165,0.1258908045977011,0.0088,0.7275,0.0118,0.3218,situational_pick,0.3218,situational_pick
Bind,deadlock,30.0,0.0166666666666666,,0.8165,0.0242097701149425,-0.0075,0.9554,-0.01,0.3202,situational_pick,0.3202,situational_pick
Bind,sage,30.0,0.0,,0.8165,0.0137643678160919,-0.0138,0.9667,-0.0185,0.3158,situational_pick,0.3158,situational_pick
Bind,iso,30.0,0.0,,0.8165,0.0091666666666666,-0.0092,0.9483,-0.0123,0.3121,situational_pick,0.3121,situational_pick
Bind,veto,30.0,0.0,,0.8165,0.0478304597701149,-0.0478,0.8683,-0.0639,0.2961,situational_pick,0.2961,situational_pick
Bind,vyse,30.0,0.0496666666666666,,0.8165,0.123721264367816,-0.0741,0.7524,-0.0991,0.2928,situational_pick,0.2928,situational_pick
Bind,raze,30.0,0.1003333333333333,,0.8165,0.1724425287356322,-0.0721,0.6003,-0.0964,0.2827,situational_pick,0.2827,situational_pick
Bind,phoenix,30.0,0.0843333333333333,,0.8165,0.1569827586206896,-0.0726,0.6265,-0.0971,0.2815,situational_pick,0.2815,situational_pick
Bind,kayo,30.0,0.0493333333333333,,0.8165,0.0654597701149425,-0.0161,0.6782,-0.0215,0.2778,situational_pick,0.2778,situational_pick
Bind,harbor,30.0,0.0,,0.8165,0.0506896551724138,-0.0507,0.7246,-0.0678,0.2674,situational_pick,0.2674,situational_pick
Bind,tejo,30.0,0.0366666666666666,,0.8165,0.095301724137931,-0.0586,0.6285,-0.0784,0.2628,situational_pick,0.2628,situational_pick
Bind,breach,30.0,0.0,,0.8165,0.0576867816091954,-0.0577,0.6438,-0.0772,0.2512,situational_pick,0.2512,situational_pick
Bind,jett,30.0,0.0166666666666666,,0.8165,0.0925143678160919,-0.0758,0.6011,-0.1014,0.2494,situational_pick,0.2494,situational_pick
Bind,killjoy,30.0,0.0,,0.8165,0.1355316091954023,-0.1355,0.6283,-0.1812,0.2481,situational_pick,0.2481,situational_pick
Bind,cypher,30.0,0.0186666666666666,,0.8165,0.233735632183908,-0.2151,0.4393,-0.2877,0.2178,situational_pick,0.2178,situational_pick
Bind,fade,30.0,0.07,,0.8165,0.3588218390804598,-0.2888,0.2934,-0.3863,0.2092,situational_pick,0.2092,situational_pick
Bind,astra,30.0,0.0683333333333333,,0.8165,0.2522701149425287,-0.1839,0.2154,-0.246,0.1929,low_sample_signal,0.1929,low_sample_signal
Bind,sova,30.0,0.0,,0.8165,0.2427011494252873,-0.2427,0.1719,-0.3246,0.1569,low_sample_signal,0.1569,low_sample_signal
Bind,omen,30.0,0.0326666666666666,,0.8165,0.5063362068965518,-0.4737,0.0005,-0.6335,0.1356,low_sample_signal,0.1356,low_sample_signal
Breeze,neon,24.0,0.6266666666666666,,0.7303,0.8105747126436783,-0.1839,0.7902,-0.246,0.5183,stable_pick,0.5183,stable_pick
Breeze,sova,24.0,0.875,,0.7303,0.2427011494252873,0.6323,0.1719,0.8457,0.4939,map_specialist,0.4939,map_specialist
Breeze,viper,24.0,0.8783333333333334,,0.7303,0.4952011494252873,0.3831,0.0862,0.5124,0.4781,map_specialist,0.4781,map_specialist
Breeze,jett,24.0,0.4991666666666667,,0.7303,0.0925143678160919,0.4067,0.6011,0.5439,0.4294,stable_pick,0.4294,stable_pick
Breeze,kayo,24.0,0.3974999999999999,,0.7303,0.0654597701149425,0.332,0.6782,0.444,0.4042,stable_pick,0.4042,stable_pick
Breeze,harbor,24.0,0.3366666666666666,,0.7303,0.0506896551724138,0.286,0.7246,0.3825,0.3891,situational_pick,0.3891,situational_pick
Breeze,iso,24.0,0.0616666666666666,,0.7303,0.0091666666666666,0.0525,0.9483,0.0702,0.3239,situational_pick,0.3239,situational_pick
Breeze,waylay,24.0,0.21,,0.7303,0.3605603448275862,-0.1506,0.6447,-0.2014,0.3225,situational_pick,0.3225,situational_pick
Breeze,sage,24.0,0.02,,0.7303,0.0137643678160919,0.0062,0.9667,0.0083,0.3109,situational_pick,0.3109,situational_pick
Breeze,astra,24.0,0.3949999999999999,,0.7303,0.2522701149425287,0.1427,0.2154,0.1909,0.3106,situational_pick,0.3106,situational_pick
Breeze,clove,24.0,0.0,,0.7303,0.0,0.0,1.0,0.0,0.3095,situational_pick,0.3095,situational_pick
Breeze,reyna,24.0,0.0,,0.7303,0.0,0.0,1.0,0.0,0.3095,situational_pick,0.3095,situational_pick
Breeze,yoru,24.0,0.0,,0.7303,0.0022126436781609,-0.0022,0.9858,-0.0029,0.3067,situational_pick,0.3067,situational_pick
Breeze,miks,24.0,0.0,,0.7303,0.0039942528735632,-0.004,0.9826,-0.0053,0.3061,situational_pick,0.3061,situational_pick
Breeze,deadlock,24.0,0.0,,0.7303,0.0242097701149425,-0.0242,0.9554,-0.0324,0.3006,situational_pick,0.3006,situational_pick
Breeze,gekko,24.0,0.0,,0.7303,0.0085632183908045,-0.0086,0.9428,-0.0115,0.2981,situational_pick,0.2981,situational_pick
Breeze,chamber,24.0,0.0816666666666666,,0.7303,0.1258908045977011,-0.0442,0.7275,-0.0591,0.2877,situational_pick,0.2877,situational_pick
Breeze,veto,24.0,0.0,,0.7303,0.0478304597701149,-0.0478,0.8683,-0.0639,0.2832,situational_pick,0.2832,situational_pick
Breeze,phoenix,24.0,0.0858333333333333,,0.7303,0.1569827586206896,-0.0711,0.6265,-0.0951,0.2692,situational_pick,0.2692,situational_pick
Breeze,vyse,24.0,0.0216666666666666,,0.7303,0.123721264367816,-0.1021,0.7524,-0.1366,0.2687,situational_pick,0.2687,situational_pick
Breeze,omen,24.0,0.3575,,0.7303,0.5063362068965518,-0.1488,0.0005,-0.199,0.2526,situational_pick,0.2526,situational_pick
Breeze,breach,24.0,0.0,,0.7303,0.0576867816091954,-0.0577,0.6438,-0.0772,0.2383,situational_pick,0.2383,situational_pick
Breeze,skye,24.0,0.145,,0.7303,0.3345689655172413,-0.1896,0.3435,-0.2536,0.2362,situational_pick,0.2362,situational_pick
Breeze,killjoy,24.0,0.0,,0.7303,0.1355316091954023,-0.1355,0.6283,-0.1812,0.2352,situational_pick,0.2352,situational_pick
Breeze,tejo,24.0,0.0,,0.7303,0.095301724137931,-0.0953,0.6285,-0.1275,0.2352,situational_pick,0.2352,situational_pick
Breeze,raze,24.0,0.0,,0.7303,0.1724425287356322,-0.1724,0.6003,-0.2306,0.2296,situational_pick,0.2296,situational_pick
Breeze,cypher,24.0,0.02,,0.7303,0.233735632183908,-0.2137,0.4393,-0.2858,0.2054,situational_pick,0.2054,situational_pick
Breeze,fade,24.0,0.0,,0.7303,0.3588218390804598,-0.3588,0.2934,-0.4799,0.1682,low_sample_signal,0.1682,low_sample_signal
Breeze,brimstone,24.0,0.0,,0.7303,0.2241522988505747,-0.2242,0.0,-0.2999,0.1095,low_sample_signal,0.1095,low_sample_signal
Fracture,neon,27.0,0.8707407407407408,,0.7746,0.8105747126436783,0.0602,0.7902,0.0805,0.6225,global_meta_core,0.6225,global_meta_core
Fracture,brimstone,27.0,0.8903703703703704,,0.7746,0.2241522988505747,0.6662,0.0,0.891,0.4723,map_specialist,0.4723,map_specialist
Fracture,cypher,27.0,0.6462962962962963,,0.7746,0.233735632183908,0.4126,0.4393,0.5518,0.4626,map_specialist,0.4626,map_specialist
Fracture,waylay,27.0,0.5366666666666666,,0.7746,0.3605603448275862,0.1761,0.6447,0.2355,0.4598,stable_pick,0.4598,stable_pick
Fracture,breach,27.0,0.4259259259259259,,0.7746,0.0576867816091954,0.3682,0.6438,0.4924,0.4153,stable_pick,0.4153,stable_pick
Fracture,tejo,27.0,0.4077777777777778,,0.7746,0.095301724137931,0.3125,0.6285,0.4179,0.405,stable_pick,0.405,stable_pick
Fracture,veto,27.0,0.1651851851851851,,0.7746,0.0478304597701149,0.1174,0.8683,0.157,0.3559,situational_pick,0.3559,situational_pick
Fracture,skye,27.0,0.3888888888888889,,0.7746,0.3345689655172413,0.0543,0.3435,0.0726,0.3404,situational_pick,0.3404,situational_pick
Fracture,sage,27.0,0.0355555555555555,,0.7746,0.0137643678160919,0.0218,0.9667,0.0292,0.3238,situational_pick,0.3238,situational_pick
Fracture,clove,27.0,0.0,,0.7746,0.0,0.0,1.0,0.0,0.3162,situational_pick,0.3162,situational_pick
Fracture,reyna,27.0,0.0,,0.7746,0.0,0.0,1.0,0.0,0.3162,situational_pick,0.3162,situational_pick
Fracture,deadlock,27.0,0.02,,0.7746,0.0242097701149425,-0.0042,0.9554,-0.0056,0.3153,situational_pick,0.3153,situational_pick
Fracture,yoru,27.0,0.0,,0.7746,0.0022126436781609,-0.0022,0.9858,-0.0029,0.3134,situational_pick,0.3134,situational_pick
Fracture,miks,27.0,0.0,,0.7746,0.0039942528735632,-0.004,0.9826,-0.0053,0.3127,situational_pick,0.3127,situational_pick
Fracture,raze,27.0,0.1855555555555555,,0.7746,0.1724425287356322,0.0131,0.6003,0.0175,0.3105,situational_pick,0.3105,situational_pick
Fracture,iso,27.0,0.0,,0.7746,0.0091666666666666,-0.0092,0.9483,-0.0123,0.3058,situational_pick,0.3058,situational_pick
Fracture,gekko,27.0,0.0,,0.7746,0.0085632183908045,-0.0086,0.9428,-0.0115,0.3047,situational_pick,0.3047,situational_pick
Fracture,vyse,27.0,0.037037037037037,,0.7746,0.123721264367816,-0.0867,0.7524,-0.116,0.2815,situational_pick,0.2815,situational_pick
Fracture,chamber,27.0,0.0362962962962963,,0.7746,0.1258908045977011,-0.0896,0.7275,-0.1198,0.2762,situational_pick,0.2762,situational_pick
Fracture,kayo,27.0,0.037037037037037,,0.7746,0.0654597701149425,-0.0284,0.6782,-0.038,0.2666,situational_pick,0.2666,situational_pick
Fracture,harbor,27.0,0.0,,0.7746,0.0506896551724138,-0.0507,0.7246,-0.0678,0.2611,situational_pick,0.2611,situational_pick
Fracture,killjoy,27.0,0.0366666666666666,,0.7746,0.1355316091954023,-0.0989,0.6283,-0.1323,0.2565,situational_pick,0.2565,situational_pick
Fracture,phoenix,27.0,0.0177777777777777,,0.7746,0.1569827586206896,-0.1392,0.6265,-0.1862,0.2486,situational_pick,0.2486,situational_pick
Fracture,jett,27.0,0.0,,0.7746,0.0925143678160919,-0.0925,0.6011,-0.1237,0.2364,situational_pick,0.2364,situational_pick
Fracture,fade,27.0,0.1296296296296296,,0.7746,0.3588218390804598,-0.2292,0.2934,-0.3065,0.2267,situational_pick,0.2267,situational_pick
Fracture,astra,27.0,0.0911111111111111,,0.7746,0.2522701149425287,-0.1612,0.2154,-0.2156,0.1957,low_sample_signal,0.1957,low_sample_signal
Fracture,sova,27.0,0.0,,0.7746,0.2427011494252873,-0.2427,0.1719,-0.3246,0.1506,low_sample_signal,0.1506,low_sample_signal
Fracture,viper,27.0,0.0185185185185185,,0.7746,0.4952011494252873,-0.4767,0.0862,-0.6376,0.1408,low_sample_signal,0.1408,low_sample_signal
Fracture,omen,27.0,0.0185185185185185,,0.7746,0.5063362068965518,-0.4878,0.0005,-0.6524,0.1237,low_sample_signal,0.1237,low_sample_signal
Haven,neon,39.0,0.8974358974358975,,0.9309,0.8105747126436783,0.0869,0.7902,0.1162,0.6566,global_meta_core,0.6566,global_meta_core
Haven,omen,39.0,0.9356410256410256,,0.9309,0.5063362068965518,0.4293,0.0005,0.5742,0.514,map_specialist,0.514,map_specialist
Haven,sova,39.0,0.6653846153846154,,0.9309,0.2427011494252873,0.4227,0.1719,0.5653,0.4402,map_specialist,0.4402,map_specialist
Haven,cypher,39.0,0.5135897435897435,,0.9309,0.233735632183908,0.2799,0.4393,0.3743,0.4329,situational_pick,0.4329,situational_pick
Haven,phoenix,39.0,0.3843589743589743,,0.9309,0.1569827586206896,0.2274,0.6265,0.3041,0.4187,stable_pick,0.4187,stable_pick
Haven,killjoy,39.0,0.2584615384615385,,0.9309,0.1355316091954023,0.1229,0.6283,0.1644,0.3687,situational_pick,0.3687,situational_pick
Haven,chamber,39.0,0.1825641025641025,,0.9309,0.1258908045977011,0.0567,0.7275,0.0758,0.3582,situational_pick,0.3582,situational_pick
Haven,waylay,39.0,0.2197435897435897,,0.9309,0.3605603448275862,-0.1408,0.6447,-0.1883,0.3565,situational_pick,0.3565,situational_pick
Haven,deadlock,39.0,0.0507692307692307,,0.9309,0.0242097701149425,0.0266,0.9554,0.0356,0.351,situational_pick,0.351,situational_pick
Haven,clove,39.0,0.0,,0.9309,0.0,0.0,1.0,0.0,0.3396,situational_pick,0.3396,situational_pick
Haven,reyna,39.0,0.0,,0.9309,0.0,0.0,1.0,0.0,0.3396,situational_pick,0.3396,situational_pick
Haven,yoru,39.0,0.0,,0.9309,0.0022126436781609,-0.0022,0.9858,-0.0029,0.3368,situational_pick,0.3368,situational_pick
Haven,miks,39.0,0.0,,0.9309,0.0039942528735632,-0.004,0.9826,-0.0053,0.3362,situational_pick,0.3362,situational_pick
Haven,sage,39.0,0.0,,0.9309,0.0137643678160919,-0.0138,0.9667,-0.0185,0.333,situational_pick,0.333,situational_pick
Haven,iso,39.0,0.0,,0.9309,0.0091666666666666,-0.0092,0.9483,-0.0123,0.3293,situational_pick,0.3293,situational_pick
Haven,gekko,39.0,0.0,,0.9309,0.0085632183908045,-0.0086,0.9428,-0.0115,0.3282,situational_pick,0.3282,situational_pick
Haven,veto,39.0,0.0141025641025641,,0.9309,0.0478304597701149,-0.0337,0.8683,-0.0451,0.3189,situational_pick,0.3189,situational_pick
Haven,vyse,39.0,0.053076923076923,,0.9309,0.123721264367816,-0.0706,0.7524,-0.0944,0.3113,situational_pick,0.3113,situational_pick
Haven,jett,39.0,0.1138461538461538,,0.9309,0.0925143678160919,0.0213,0.6011,0.0285,0.3054,situational_pick,0.3054,situational_pick
Haven,harbor,39.0,0.0,,0.9309,0.0506896551724138,-0.0507,0.7246,-0.0678,0.2846,situational_pick,0.2846,situational_pick
Haven,breach,39.0,0.0392307692307692,,0.9309,0.0576867816091954,-0.0185,0.6438,-0.0247,0.2841,situational_pick,0.2841,situational_pick
Haven,skye,39.0,0.1776923076923076,,0.9309,0.3345689655172413,-0.1569,0.3435,-0.2098,0.2794,situational_pick,0.2794,situational_pick
Haven,kayo,39.0,0.0,,0.9309,0.0654597701149425,-0.0655,0.6782,-0.0876,0.2753,situational_pick,0.2753,situational_pick
Haven,tejo,39.0,0.0141025641025641,,0.9309,0.095301724137931,-0.0812,0.6285,-0.1086,0.271,situational_pick,0.271,situational_pick
Haven,viper,39.0,0.2687179487179487,,0.9309,0.4952011494252873,-0.2265,0.0862,-0.3029,0.2644,situational_pick,0.2644,situational_pick
Haven,fade,39.0,0.1546153846153846,,0.9309,0.3588218390804598,-0.2042,0.2934,-0.2731,0.2602,situational_pick,0.2602,situational_pick
Haven,raze,39.0,0.0,,0.9309,0.1724425287356322,-0.1724,0.6003,-0.2306,0.2597,situational_pick,0.2597,situational_pick
Haven,astra,39.0,0.0643589743589743,,0.9309,0.2522701149425287,-0.1879,0.2154,-0.2513,0.2085,situational_pick,0.2085,situational_pick
Haven,brimstone,39.0,0.0,,0.9309,0.2241522988505747,-0.2242,0.0,-0.2999,0.1396,low_sample_signal,0.1396,low_sample_signal
Lotus,neon,45.0,0.7786666666666668,,1.0,0.8105747126436783,-0.0319,0.7902,-0.0427,0.6195,global_meta_core,0.6195,global_meta_core
Lotus,fade,45.0,0.8786666666666666,,1.0,0.3588218390804598,0.5198,0.2934,0.6952,0.5601,map_specialist,0.5601,map_specialist
Lotus,omen,45.0,1.0,,1.0,0.5063362068965518,0.4937,0.0005,0.6603,0.5501,map_specialist,0.5501,map_specialist
Lotus,raze,45.0,0.3993333333333333,,1.0,0.1724425287356322,0.2269,0.6003,0.3035,0.4298,stable_pick,0.4298,stable_pick
Lotus,vyse,45.0,0.3226666666666666,,1.0,0.123721264367816,0.1989,0.7524,0.266,0.4295,stable_pick,0.4295,stable_pick
Lotus,viper,45.0,0.5766666666666668,,1.0,0.4952011494252873,0.0815,0.0862,0.109,0.3979,situational_pick,0.3979,situational_pick
Lotus,waylay,45.0,0.2873333333333333,,1.0,0.3605603448275862,-0.0732,0.6447,-0.0979,0.3939,situational_pick,0.3939,situational_pick
Lotus,veto,45.0,0.076,,1.0,0.0478304597701149,0.0282,0.8683,0.0377,0.3541,situational_pick,0.3541,situational_pick
Lotus,miks,45.0,0.012,,1.0,0.0039942528735632,0.008,0.9826,0.0107,0.3513,situational_pick,0.3513,situational_pick
Lotus,deadlock,45.0,0.0226666666666666,,1.0,0.0242097701149425,-0.0015,0.9554,-0.002,0.3501,situational_pick,0.3501,situational_pick
Lotus,clove,45.0,0.0,,1.0,0.0,0.0,1.0,0.0,0.35,situational_pick,0.35,situational_pick
Lotus,reyna,45.0,0.0,,1.0,0.0,0.0,1.0,0.0,0.35,situational_pick,0.35,situational_pick
Lotus,sage,45.0,0.0106666666666666,,1.0,0.0137643678160919,-0.0031,0.9667,-0.0041,0.3476,situational_pick,0.3476,situational_pick
Lotus,yoru,45.0,0.0,,1.0,0.0022126436781609,-0.0022,0.9858,-0.0029,0.3472,situational_pick,0.3472,situational_pick
Lotus,iso,45.0,0.012,,1.0,0.0091666666666666,0.0028,0.9483,0.0037,0.3445,situational_pick,0.3445,situational_pick
Lotus,gekko,45.0,0.0,,1.0,0.0085632183908045,-0.0086,0.9428,-0.0115,0.3386,situational_pick,0.3386,situational_pick
Lotus,killjoy,45.0,0.1466666666666666,,1.0,0.1355316091954023,0.0111,0.6283,0.0148,0.3343,situational_pick,0.3343,situational_pick
Lotus,chamber,45.0,0.078,,1.0,0.1258908045977011,-0.0479,0.7275,-0.0641,0.3267,situational_pick,0.3267,situational_pick
Lotus,cypher,45.0,0.1653333333333333,,1.0,0.233735632183908,-0.0684,0.4393,-0.0915,0.304,situational_pick,0.304,situational_pick
Lotus,harbor,45.0,0.0213333333333333,,1.0,0.0506896551724138,-0.0294,0.7246,-0.0393,0.3035,situational_pick,0.3035,situational_pick
Lotus,phoenix,45.0,0.0666666666666666,,1.0,0.1569827586206896,-0.0903,0.6265,-0.1208,0.302,situational_pick,0.302,situational_pick
Lotus,kayo,45.0,0.0,,1.0,0.0654597701149425,-0.0655,0.6782,-0.0876,0.2856,situational_pick,0.2856,situational_pick
Lotus,breach,45.0,0.012,,1.0,0.0576867816091954,-0.0457,0.6438,-0.0611,0.2836,situational_pick,0.2836,situational_pick
Lotus,tejo,45.0,0.0,,1.0,0.095301724137931,-0.0953,0.6285,-0.1275,0.2757,situational_pick,0.2757,situational_pick
Lotus,jett,45.0,0.0,,1.0,0.0925143678160919,-0.0925,0.6011,-0.1237,0.2702,situational_pick,0.2702,situational_pick
Lotus,skye,45.0,0.1213333333333333,,1.0,0.3345689655172413,-0.2132,0.3435,-0.2851,0.2672,situational_pick,0.2672,situational_pick
Lotus,astra,45.0,0.012,,1.0,0.2522701149425287,-0.2403,0.2154,-0.3214,0.1979,low_sample_signal,0.1979,low_sample_signal
Lotus,sova,45.0,0.0,,1.0,0.2427011494252873,-0.2427,0.1719,-0.3246,0.1844,low_sample_signal,0.1844,low_sample_signal
Lotus,brimstone,45.0,0.0,,1.0,0.2241522988505747,-0.2242,0.0,-0.2999,0.15,low_sample_signal,0.15,low_sample_signal
Pearl,neon,33.0,0.8033333333333333,,0.8563,0.8105747126436783,-0.0072,0.7902,-0.0096,0.6078,global_meta_core,0.6078,global_meta_core
Pearl,astra,33.0,1.0,,0.8563,0.2522701149425287,0.7477,0.2154,1.0,0.5715,map_specialist,0.5715,map_specialist
Pearl,killjoy,33.0,0.4266666666666667,,0.8563,0.1355316091954023,0.2911,0.6283,0.3893,0.4248,stable_pick,0.4248,stable_pick
Pearl,chamber,33.0,0.363939393939394,,0.8563,0.1258908045977011,0.238,0.7275,0.3183,0.4195,stable_pick,0.4195,stable_pick
Pearl,phoenix,33.0,0.3936363636363636,,0.8563,0.1569827586206896,0.2367,0.6265,0.3166,0.4112,stable_pick,0.4112,stable_pick
Pearl,fade,33.0,0.5145454545454545,,0.8563,0.3588218390804598,0.1557,0.2934,0.2082,0.3929,situational_pick,0.3929,situational_pick
Pearl,waylay,33.0,0.3012121212121212,,0.8563,0.3605603448275862,-0.0593,0.6447,-0.0793,0.3779,situational_pick,0.3779,situational_pick
Pearl,tejo,33.0,0.2748484848484848,,0.8563,0.095301724137931,0.1795,0.6285,0.2401,0.3641,situational_pick,0.3641,situational_pick
Pearl,clove,33.0,0.0,,0.8563,0.0,0.0,1.0,0.0,0.3284,situational_pick,0.3284,situational_pick
Pearl,reyna,33.0,0.0,,0.8563,0.0,0.0,1.0,0.0,0.3284,situational_pick,0.3284,situational_pick
Pearl,yoru,33.0,0.0,,0.8563,0.0022126436781609,-0.0022,0.9858,-0.0029,0.3256,situational_pick,0.3256,situational_pick
Pearl,miks,33.0,0.0,,0.8563,0.0039942528735632,-0.004,0.9826,-0.0053,0.325,situational_pick,0.325,situational_pick
Pearl,sage,33.0,0.0,,0.8563,0.0137643678160919,-0.0138,0.9667,-0.0185,0.3218,situational_pick,0.3218,situational_pick
Pearl,veto,33.0,0.0448484848484848,,0.8563,0.0478304597701149,-0.003,0.8683,-0.004,0.32,situational_pick,0.32,situational_pick
Pearl,deadlock,33.0,0.0,,0.8563,0.0242097701149425,-0.0242,0.9554,-0.0324,0.3195,situational_pick,0.3195,situational_pick
Pearl,iso,33.0,0.0,,0.8563,0.0091666666666666,-0.0092,0.9483,-0.0123,0.3181,situational_pick,0.3181,situational_pick
Pearl,gekko,33.0,0.0,,0.8563,0.0085632183908045,-0.0086,0.9428,-0.0115,0.317,situational_pick,0.317,situational_pick
Pearl,vyse,33.0,0.076060606060606,,0.8563,0.123721264367816,-0.0477,0.7524,-0.0638,0.3093,situational_pick,0.3093,situational_pick
Pearl,kayo,33.0,0.0915151515151515,,0.8563,0.0654597701149425,0.0261,0.6782,0.0349,0.3007,situational_pick,0.3007,situational_pick
Pearl,harbor,33.0,0.0448484848484848,,0.8563,0.0506896551724138,-0.0058,0.7246,-0.0078,0.2913,situational_pick,0.2913,situational_pick
Pearl,sova,33.0,0.2863636363636364,,0.8563,0.2427011494252873,0.0437,0.1719,0.0584,0.2774,situational_pick,0.2774,situational_pick
Pearl,cypher,33.0,0.1518181818181818,,0.8563,0.233735632183908,-0.0819,0.4393,-0.1095,0.277,situational_pick,0.277,situational_pick
Pearl,jett,33.0,0.0466666666666666,,0.8563,0.0925143678160919,-0.0458,0.6011,-0.0613,0.2673,situational_pick,0.2673,situational_pick
Pearl,skye,33.0,0.1503030303030303,,0.8563,0.3345689655172413,-0.1843,0.3435,-0.2465,0.2573,situational_pick,0.2573,situational_pick
Pearl,breach,33.0,0.0,,0.8563,0.0576867816091954,-0.0577,0.6438,-0.0772,0.2572,situational_pick,0.2572,situational_pick
Pearl,raze,33.0,0.0163636363636363,,0.8563,0.1724425287356322,-0.1561,0.6003,-0.2088,0.2551,situational_pick,0.2551,situational_pick
Pearl,viper,33.0,0.0,,0.8563,0.4952011494252873,-0.4952,0.0862,-0.6623,0.1457,low_sample_signal,0.1457,low_sample_signal
Pearl,omen,33.0,0.0163636363636363,,0.8563,0.5063362068965518,-0.49,0.0005,-0.6553,0.1351,low_sample_signal,0.1351,low_sample_signal
Pearl,brimstone,33.0,0.0,,0.8563,0.2241522988505747,-0.2242,0.0,-0.2999,0.1284,low_sample_signal,0.1284,low_sample_signal
Split,neon,34.0,0.7782352941176471,,0.8692,0.8105747126436783,-0.0323,0.7902,-0.0432,0.5997,global_meta_core,0.5997,global_meta_core
Split,viper,34.0,0.8814705882352941,,0.8692,0.4952011494252873,0.3863,0.0862,0.5167,0.5002,map_specialist,0.5002,map_specialist
Split,omen,34.0,0.7505882352941177,,0.8692,0.5063362068965518,0.2443,0.0005,0.3267,0.4307,situational_pick,0.4307,situational_pick
Split,waylay,34.0,0.4123529411764706,,0.8692,0.3605603448275862,0.0518,0.6447,0.0693,0.4243,stable_pick,0.4243,stable_pick
Split,skye,34.0,0.5602941176470588,,0.8692,0.3345689655172413,0.2257,0.3435,0.3019,0.4232,situational_pick,0.4232,situational_pick
Split,raze,34.0,0.3973529411764706,,0.8692,0.1724425287356322,0.2249,0.6003,0.3008,0.4094,stable_pick,0.4094,stable_pick
Split,fade,34.0,0.4397058823529412,,0.8692,0.3588218390804598,0.0809,0.2934,0.1082,0.3649,situational_pick,0.3649,situational_pick
Split,vyse,34.0,0.19,,0.8692,0.123721264367816,0.0663,0.7524,0.0887,0.3569,situational_pick,0.3569,situational_pick
Split,deadlock,34.0,0.045,,0.8692,0.0242097701149425,0.0208,0.9554,0.0278,0.3395,situational_pick,0.3395,situational_pick
Split,sage,34.0,0.0288235294117647,,0.8692,0.0137643678160919,0.0151,0.9667,0.0202,0.3352,situational_pick,0.3352,situational_pick
Split,clove,34.0,0.0,,0.8692,0.0,0.0,1.0,0.0,0.3304,situational_pick,0.3304,situational_pick
Split,reyna,34.0,0.0,,0.8692,0.0,0.0,1.0,0.0,0.3304,situational_pick,0.3304,situational_pick
Split,yoru,34.0,0.0,,0.8692,0.0022126436781609,-0.0022,0.9858,-0.0029,0.3275,situational_pick,0.3275,situational_pick
Split,miks,34.0,0.0,,0.8692,0.0039942528735632,-0.004,0.9826,-0.0053,0.3269,situational_pick,0.3269,situational_pick
Split,iso,34.0,0.0,,0.8692,0.0091666666666666,-0.0092,0.9483,-0.0123,0.32,situational_pick,0.32,situational_pick
Split,gekko,34.0,0.0,,0.8692,0.0085632183908045,-0.0086,0.9428,-0.0115,0.3189,situational_pick,0.3189,situational_pick
Split,veto,34.0,0.0305882352941176,,0.8692,0.0478304597701149,-0.0172,0.8683,-0.023,0.3163,situational_pick,0.3163,situational_pick
Split,harbor,34.0,0.0288235294117647,,0.8692,0.0506896551724138,-0.0219,0.7246,-0.0293,0.2868,situational_pick,0.2868,situational_pick
Split,jett,34.0,0.0891176470588235,,0.8692,0.0925143678160919,-0.0034,0.6011,-0.0045,0.2862,situational_pick,0.2862,situational_pick
Split,chamber,34.0,0.0,,0.8692,0.1258908045977011,-0.1259,0.7275,-0.1684,0.2759,situational_pick,0.2759,situational_pick
Split,astra,34.0,0.2517647058823529,,0.8692,0.2522701149425287,-0.0005,0.2154,-0.0007,0.2742,situational_pick,0.2742,situational_pick
Split,kayo,34.0,0.0,,0.8692,0.0654597701149425,-0.0655,0.6782,-0.0876,0.266,situational_pick,0.266,situational_pick
Split,tejo,34.0,0.0141176470588235,,0.8692,0.095301724137931,-0.0812,0.6285,-0.1086,0.2617,situational_pick,0.2617,situational_pick
Split,phoenix,34.0,0.0144117647058823,,0.8692,0.1569827586206896,-0.1426,0.6265,-0.1907,0.2614,situational_pick,0.2614,situational_pick
Split,breach,34.0,0.0,,0.8692,0.0576867816091954,-0.0577,0.6438,-0.0772,0.2591,situational_pick,0.2591,situational_pick
Split,killjoy,34.0,0.0,,0.8692,0.1355316091954023,-0.1355,0.6283,-0.1812,0.256,situational_pick,0.256,situational_pick
Split,cypher,34.0,0.0879411764705882,,0.8692,0.233735632183908,-0.1458,0.4393,-0.195,0.2534,situational_pick,0.2534,situational_pick
Split,sova,34.0,0.0,,0.8692,0.2427011494252873,-0.2427,0.1719,-0.3246,0.1648,low_sample_signal,0.1648,low_sample_signal
Split,brimstone,34.0,0.0,,0.8692,0.2241522988505747,-0.2242,0.0,-0.2999,0.1304,low_sample_signal,0.1304,low_sample_signal
